{
  "ts": 1770530425.0804906,
  "iface": "virtual",
  "bitrate": 500000,
  "hz": 50.0,
  "mode": "loop",
  "last_error": null,
  "signals": {
    "map": 100.0,
    "rpm": 0,
    "clt": 70.0,
    "tps": 0.5,
    "pw1": 0.0,
    "pw2": 0.0,
    "mat": 70.0,
    "adv_deg": 0.0,
    "afrtgt1": 14.700000000000001,
    "AFR1": 14.700000000000001,
    "egocor1": 100.0,
    "egt1": 200.0,
    "pwseq1": 0.0,
    "batt": 12.200000000000001,
    "sensors1": 0.0,
    "sensors2": 0.0,
    "knk_rtd": 0.0,
    "VSS1": 0.0,
    "tc_retard": 0.0,
    "launch_timing": 0.0
  },
  "signal_meta": {
    "map": {
      "last_sent_ms": 1770530425019,
      "raw": "03e8000002bc0005"
    },
    "rpm": {
      "last_sent_ms": 1770530425019,
      "raw": "03e8000002bc0005"
    },
    "clt": {
      "last_sent_ms": 1770530425019,
      "raw": "03e8000002bc0005"
    },
    "tps": {
      "last_sent_ms": 1770530425019,
      "raw": "03e8000002bc0005"
    },
    "pw1": {
      "last_sent_ms": 1770530425003,
      "raw": "0000000002bc0000"
    },
    "pw2": {
      "last_sent_ms": 1770530425003,
      "raw": "0000000002bc0000"
    },
    "mat": {
      "last_sent_ms": 1770530425003,
      "raw": "0000000002bc0000"
    },
    "adv_deg": {
      "last_sent_ms": 1770530425003,
      "raw": "0000000002bc0000"
    },
    "afrtgt1": {
      "last_sent_ms": 1770530424940,
      "raw": "939303e807d00000"
    },
    "AFR1": {
      "last_sent_ms": 1770530424940,
      "raw": "939303e807d00000"
    },
    "egocor1": {
      "last_sent_ms": 1770530424940,
      "raw": "939303e807d00000"
    },
    "egt1": {
      "last_sent_ms": 1770530424940,
      "raw": "939303e807d00000"
    },
    "pwseq1": {
      "last_sent_ms": 1770530424940,
      "raw": "939303e807d00000"
    },
    "batt": {
      "last_sent_ms": 1770530424925,
      "raw": "007a000000000000"
    },
    "sensors1": {
      "last_sent_ms": 1770530424925,
      "raw": "007a000000000000"
    },
    "sensors2": {
      "last_sent_ms": 1770530424925,
      "raw": "007a000000000000"
    },
    "knk_rtd": {
      "last_sent_ms": 1770530424925,
      "raw": "007a000000000000"
    },
    "VSS1": {
      "last_sent_ms": 1770530424415,
      "raw": "0000000000000000"
    },
    "tc_retard": {
      "last_sent_ms": 1770530424415,
      "raw": "0000000000000000"
    },
    "launch_timing": {
      "last_sent_ms": 1770530424415,
      "raw": "0000000000000000"
    }
  },
  "clamped": {},
  "faults": {},
  "counters": {
    "tx_frames": 480,
    "tx_errors": 0,
    "rx_frames": 0,
    "bus_state": "SLCAN"
  }
}